State,main,paramStart,paramEnd,id,comma,opAtrib,term,opAccess,fAdd,fRemove,fSort,fUpper,fLower,fLength,fRefresh,fDiff_dates,fCollectData,fCompare,tInt,tFloat,tString,tBool,tCommit,tUser,tRepository,tFile,tIssue,tPullRequest,tComment,tDate,tInts,tFloats,tStrings,tBools,tCommits,tUsers,tRepositories,tFiles,tIssues,tPullRequests,tComments,tDates,tVoid,prWrite,prRead,prWhile,prFor,in,prIf,prElse,escStart,escEnd,opConc,opLogicOr,opLogicAnd,opRel1,opRel2,opRel3,opAritAd,opAritMul,opNeg,tLitInt,tLitFloat,tLitBool,tLitString,prReturn,$
0,,,,,,,,,,,,,,,,,,,s7,s8,s9,s10,s11,s12,s13,s14,s15,s16,s17,s18,s19,s20,s21,s22,s23,s24,s25,s26,s27,s28,s29,s30,s4,,,,,,,,,,,,,,,,,,,,,,,,
1,,,,,,,,,,,,,,,,,,,,,,,,,,,,,,,,,,,,,,,,,,,,,,,,,,,,,,,,,,,,,,,,,,,acc
2,s31,,,,,,,,,,,,,,,,,,,,,,,,,,,,,,,,,,,,,,,,,,,,,,,,,,,,,,,,,,,,,,,,,,
3,r57,,,r57,,,,,,,,,,,,,,,,,,,,,,,,,,,,,,,,,,,,,,,,,,,,,,,,,,,,,,,,,,,,,,,
4,r58,,,r58,,,,,,,,,,,,,,,,,,,,,,,,,,,,,,,,,,,,,,,,,,,,,,,,,,,,,,,,,,,,,,,
5,r31,,,r31,,,,,,,,,,,,,,,,,,,,,,,,,,,,,,,,,,,,,,,,,,,,,,,,,,,,,,,,,,,,,,,
6,r32,,,r32,,,,,,,,,,,,,,,,,,,,,,,,,,,,,,,,,,,,,,,,,,,,,,,,,,,,,,,,,,,,,,,
7,r33,,,r33,,,,,,,,,,,,,,,,,,,,,,,,,,,,,,,,,,,,,,,,,,,,,,,,,,,,,,,,,,,,,,,
8,r34,,,r34,,,,,,,,,,,,,,,,,,,,,,,,,,,,,,,,,,,,,,,,,,,,,,,,,,,,,,,,,,,,,,,
9,r35,,,r35,,,,,,,,,,,,,,,,,,,,,,,,,,,,,,,,,,,,,,,,,,,,,,,,,,,,,,,,,,,,,,,
10,r36,,,r36,,,,,,,,,,,,,,,,,,,,,,,,,,,,,,,,,,,,,,,,,,,,,,,,,,,,,,,,,,,,,,,
11,r37,,,r37,,,,,,,,,,,,,,,,,,,,,,,,,,,,,,,,,,,,,,,,,,,,,,,,,,,,,,,,,,,,,,,
12,r38,,,r38,,,,,,,,,,,,,,,,,,,,,,,,,,,,,,,,,,,,,,,,,,,,,,,,,,,,,,,,,,,,,,,
13,r39,,,r39,,,,,,,,,,,,,,,,,,,,,,,,,,,,,,,,,,,,,,,,,,,,,,,,,,,,,,,,,,,,,,,
14,r40,,,r40,,,,,,,,,,,,,,,,,,,,,,,,,,,,,,,,,,,,,,,,,,,,,,,,,,,,,,,,,,,,,,,
15,r41,,,r41,,,,,,,,,,,,,,,,,,,,,,,,,,,,,,,,,,,,,,,,,,,,,,,,,,,,,,,,,,,,,,,
16,r42,,,r42,,,,,,,,,,,,,,,,,,,,,,,,,,,,,,,,,,,,,,,,,,,,,,,,,,,,,,,,,,,,,,,
17,r43,,,r43,,,,,,,,,,,,,,,,,,,,,,,,,,,,,,,,,,,,,,,,,,,,,,,,,,,,,,,,,,,,,,,
18,r44,,,r44,,,,,,,,,,,,,,,,,,,,,,,,,,,,,,,,,,,,,,,,,,,,,,,,,,,,,,,,,,,,,,,
19,r45,,,r45,,,,,,,,,,,,,,,,,,,,,,,,,,,,,,,,,,,,,,,,,,,,,,,,,,,,,,,,,,,,,,,
20,r46,,,r46,,,,,,,,,,,,,,,,,,,,,,,,,,,,,,,,,,,,,,,,,,,,,,,,,,,,,,,,,,,,,,,
21,r47,,,r47,,,,,,,,,,,,,,,,,,,,,,,,,,,,,,,,,,,,,,,,,,,,,,,,,,,,,,,,,,,,,,,
22,r48,,,r48,,,,,,,,,,,,,,,,,,,,,,,,,,,,,,,,,,,,,,,,,,,,,,,,,,,,,,,,,,,,,,,
23,r49,,,r49,,,,,,,,,,,,,,,,,,,,,,,,,,,,,,,,,,,,,,,,,,,,,,,,,,,,,,,,,,,,,,,
24,r50,,,r50,,,,,,,,,,,,,,,,,,,,,,,,,,,,,,,,,,,,,,,,,,,,,,,,,,,,,,,,,,,,,,,
25,r51,,,r51,,,,,,,,,,,,,,,,,,,,,,,,,,,,,,,,,,,,,,,,,,,,,,,,,,,,,,,,,,,,,,,
26,r52,,,r52,,,,,,,,,,,,,,,,,,,,,,,,,,,,,,,,,,,,,,,,,,,,,,,,,,,,,,,,,,,,,,,
27,r53,,,r53,,,,,,,,,,,,,,,,,,,,,,,,,,,,,,,,,,,,,,,,,,,,,,,,,,,,,,,,,,,,,,,
28,r54,,,r54,,,,,,,,,,,,,,,,,,,,,,,,,,,,,,,,,,,,,,,,,,,,,,,,,,,,,,,,,,,,,,,
29,r55,,,r55,,,,,,,,,,,,,,,,,,,,,,,,,,,,,,,,,,,,,,,,,,,,,,,,,,,,,,,,,,,,,,,
30,r56,,,r56,,,,,,,,,,,,,,,,,,,,,,,,,,,,,,,,,,,,,,,,,,,,,,,,,,,,,,,,,,,,,,,
31,,s32,,,,,,,,,,,,,,,,,,,,,,,,,,,,,,,,,,,,,,,,,,,,,,,,,,,,,,,,,,,,,,,,,
32,,,s33,,,,,,,,,,,,,,,,,,,,,,,,,,,,,,,,,,,,,,,,,,,,,,,,,,,,,,,,,,,,,,,,
33,,,,,,,,,,,,,,,,,,,,,,,,,,,,,,,,,,,,,,,,,,,,,,,,,,,s35,,,,,,,,,,,,,,,,
34,,,,,,,,,,,,,,,,,,,,,,,,,,,,,,,,,,,,,,,,,,,,,,,,,,,,,,,,,,,,,,,,,,,r1
35,s70,s57,,s63,,,,,s71,s72,s73,s74,s75,s76,s77,s78,s79,s80,s7,s8,s9,s10,s11,s12,s13,s14,s15,s16,s17,s18,s19,s20,s21,s22,s23,s24,s25,s26,s27,s28,s29,s30,,s44,s45,s46,s47,,s48,s49,,s41,,,,,,,,,,s65,s66,s67,s68,s50,
36,r68,r68,,r68,,,,,r68,r68,r68,r68,r68,r68,r68,r68,r68,r68,r68,r68,r68,r68,r68,r68,r68,r68,r68,r68,r68,r68,r68,r68,r68,r68,r68,r68,r68,r68,r68,r68,r68,r68,,r68,r68,r68,r68,,r68,r68,,r68,,,,,,,,,,r68,r68,r68,r68,r68,r68
37,s70,s57,,s63,,,,,s71,s72,s73,s74,s75,s76,s77,s78,s79,s80,s7,s8,s9,s10,s11,s12,s13,s14,s15,s16,s17,s18,s19,s20,s21,s22,s23,s24,s25,s26,s27,s28,s29,s30,,s44,s45,s46,s47,,s48,s49,,s41,,,,,,,,,,s65,s66,s67,s68,s50,
38,,,,,,s83,s82,,,,,,,,,,,,,,,,,,,,,,,,,,,,,,,,,,,,,,,,,,,,,,s84,,,,,,,,,,,,,,
39,s70,s57,,s63,,,,,s71,s72,s73,s74,s75,s76,s77,s78,s79,s80,s7,s8,s9,s10,s11,s12,s13,s14,s15,s16,s17,s18,s19,s20,s21,s22,s23,s24,s25,s26,s27,s28,s29,s30,,s44,s45,s46,s47,,s48,s49,,s41,,,,,,,,,,s65,s66,s67,s68,s50,
40,,,,,,,,,,,,,,,,,,,,,,,,,,,,,,,,,,,,,,,,,,,,,,,,,,,,s86,,,,,,,,,,,,,,,
41,r73,r73,,r73,,,,,r73,r73,r73,r73,r73,r73,r73,r73,r73,r73,r73,r73,r73,r73,r73,r73,r73,r73,r73,r73,r73,r73,r73,r73,r73,r73,r73,r73,r73,r73,r73,r73,r73,r73,,r73,r73,r73,r73,,r73,r73,,r73,,,,,,,,,,r73,r73,r73,r73,r73,r73
42,,,,s87,,,,,,,,,,,,,,,,,,,,,,,,,,,,,,,,,,,,,,,,,,,,,,,,,,,,,,,,,,,,,,,
43,,,r76,,,r76,r76,,,,,,,,,,,,,,,,,,,,,,,,,,,,,,,,,,,,,,,,,,,,r76,,r76,s88,,,,,,,,,,,,,
44,s70,s57,,s63,,,,,s71,s72,s73,s74,s75,s76,s77,s78,s79,s80,,,,,,,,,,,,,,,,,,,,,,,,,,,,,,,,,,,,,,,,,,,,s65,s66,s67,s68,,
45,,s90,,,,,,,,,,,,,,,,,,,,,,,,,,,,,,,,,,,,,,,,,,,,,,,,,,,,,,,,,,,,,,,,,
46,s70,s57,,s63,,,,,s71,s72,s73,s74,s75,s76,s77,s78,s79,s80,,,,,,,,,,,,,,,,,,,,,,,,,,,,,,,,,,,,,,,,,,,,s65,s66,s67,s68,,
47,,,,s92,,,,,,,,,,,,,,,,,,,,,,,,,,,,,,,,,,,,,,,,,,,,,,,,,,,,,,,,,,,,,,,
48,s70,s57,,s63,,,,,s71,s72,s73,s74,s75,s76,s77,s78,s79,s80,,,,,,,,,,,,,,,,,,,,,,,,,,,,,,,,,,,,,,,,,,,,s65,s66,s67,s68,,
49,,,,,,,,,,,,,,,,,,,,,,,,,,,,,,,,,,,,,,,,,,,,,,,,,,,s35,,,,,,,,,,,,,,,,
50,s70,s57,,s63,,,,,s71,s72,s73,s74,s75,s76,s77,s78,s79,s80,,,,,,,,,,,,,,,,,,,,,,,,,,,,,,,,,,,,,,,,,,,,s65,s66,s67,s68,,
51,,,r78,,,r78,r78,,,,,,,,,,,,,,,,,,,,,,,,,,,,,,,,,,,,,,,,,,,,r78,,r78,r78,s96,,,,,,,,,,,,
52,,,r80,,,r80,r80,,,,,,,,,,,,,,,,,,,,,,,,,,,,,,,,,,,,,,,,,,,,r80,,r80,r80,r80,s97,s98,s99,,,,,,,,,
53,,,r84,,,r84,r84,,,,,,,,,,,,,,,,,,,,,,,,,,,,,,,,,,,,,,,,,,,,r84,,r84,r84,r84,r84,r84,r84,s100,,,,,,,,
54,,,r86,,,r86,r86,,,,,,,,,,,,,,,,,,,,,,,,,,,,,,,,,,,,,,,,,,,,r86,,r86,r86,r86,r86,r86,r86,r86,s101,,,,,,,
55,,,r88,,,r88,r88,,,,,,,,,,,,,,,,,,,,,,,,,,,,,,,,,,,,,,,,,,,,r88,,r88,r88,r88,r88,r88,r88,r88,r88,s102,,,,,,
56,,,r90,,,r90,r90,,,,,,,,,,,,,,,,,,,,,,,,,,,,,,,,,,,,,,,,,,,,r90,,r90,r90,r90,r90,r90,r90,r90,r90,r90,,,,,,
57,s70,s57,,s63,,,,,s71,s72,s73,s74,s75,s76,s77,s78,s79,s80,,,,,,,,,,,,,,,,,,,,,,,,,,,,,,,,,,,,,,,,,,,,s65,s66,s67,s68,,
58,,,r92,,,r92,r92,,,,,,,,,,,,,,,,,,,,,,,,,,,,,,,,,,,,,,,,,,,,r92,,r92,r92,r92,r92,r92,r92,r92,r92,r92,,,,,,
59,,,r93,,,r93,r93,,,,,,,,,,,,,,,,,,,,,,,,,,,,,,,,,,,,,,,,,,,,r93,,r93,r93,r93,r93,r93,r93,r93,r93,r93,,,,,,
60,,,r12,,r12,r12,r12,,,,,,,,,,,,,,,,,,,,,,,,,,,,,,,,,,,,,,,,,,,,r12,,r12,r12,r12,r12,r12,r12,r12,r12,r12,,,,,,
61,,,r13,,r13,r13,r13,,,,,,,,,,,,,,,,,,,,,,,,,,,,,,,,,,,,,,,,,,,,r13,,r13,r13,r13,r13,r13,r13,r13,r13,r13,,,,,,
62,,,r14,,r14,r14,r14,,,,,,,,,,,,,,,,,,,,,,,,,,,,,,,,,,,,,,,,,,,,r14,,r14,r14,r14,r14,r14,r14,r14,r14,r14,,,,,,
63,,,r15,,r15,r15,r15,s104,,,,,,,,,,,,,,,,,,,,,,,,,,,,,,,,,,,,,,,,,,,r15,,r15,r15,r15,r15,r15,r15,r15,r15,r15,,,,,,
64,,,r17,,r17,r17,r17,,,,,,,,,,,,,,,,,,,,,,,,,,,,,,,,,,,,,,,,,,,,r17,,r17,r17,r17,r17,r17,r17,r17,r17,r17,,,,,,
65,,,r94,,r94,r94,r94,,,,,,,,,,,,,,,,,,,,,,,,,,,,,,,,,,,,,,,,,,,,r94,,r94,r94,r94,r94,r94,r94,r94,r94,r94,,,,,,
66,,,r95,,r95,r95,r95,,,,,,,,,,,,,,,,,,,,,,,,,,,,,,,,,,,,,,,,,,,,r95,,r95,r95,r95,r95,r95,r95,r95,r95,r95,,,,,,
67,,,r96,,r96,r96,r96,,,,,,,,,,,,,,,,,,,,,,,,,,,,,,,,,,,,,,,,,,,,r96,,r96,r96,r96,r96,r96,r96,r96,r96,r96,,,,,,
68,,,r97,,r97,r97,r97,,,,,,,,,,,,,,,,,,,,,,,,,,,,,,,,,,,,,,,,,,,,r97,,r97,r97,r97,r97,r97,r97,r97,r97,r97,,,,,,
69,,s106,,,,,,,,,,,,,,,,,,,,,,,,,,,,,,,,,,,,,,,,,,,,,,,,,,,,,,,,,,,,,,,,,
70,,r20,,,,,,,,,,,,,,,,,,,,,,,,,,,,,,,,,,,,,,,,,,,,,,,,,,,,,,,,,,,,,,,,,
71,,r21,,,,,,,,,,,,,,,,,,,,,,,,,,,,,,,,,,,,,,,,,,,,,,,,,,,,,,,,,,,,,,,,,
72,,r22,,,,,,,,,,,,,,,,,,,,,,,,,,,,,,,,,,,,,,,,,,,,,,,,,,,,,,,,,,,,,,,,,
73,,r23,,,,,,,,,,,,,,,,,,,,,,,,,,,,,,,,,,,,,,,,,,,,,,,,,,,,,,,,,,,,,,,,,
74,,r24,,,,,,,,,,,,,,,,,,,,,,,,,,,,,,,,,,,,,,,,,,,,,,,,,,,,,,,,,,,,,,,,,
75,,r25,,,,,,,,,,,,,,,,,,,,,,,,,,,,,,,,,,,,,,,,,,,,,,,,,,,,,,,,,,,,,,,,,
76,,r26,,,,,,,,,,,,,,,,,,,,,,,,,,,,,,,,,,,,,,,,,,,,,,,,,,,,,,,,,,,,,,,,,
77,,r27,,,,,,,,,,,,,,,,,,,,,,,,,,,,,,,,,,,,,,,,,,,,,,,,,,,,,,,,,,,,,,,,,
78,,r28,,,,,,,,,,,,,,,,,,,,,,,,,,,,,,,,,,,,,,,,,,,,,,,,,,,,,,,,,,,,,,,,,
79,,r29,,,,,,,,,,,,,,,,,,,,,,,,,,,,,,,,,,,,,,,,,,,,,,,,,,,,,,,,,,,,,,,,,
80,,r30,,,,,,,,,,,,,,,,,,,,,,,,,,,,,,,,,,,,,,,,,,,,,,,,,,,,,,,,,,,,,,,,,
81,r69,r69,,r69,,,,,r69,r69,r69,r69,r69,r69,r69,r69,r69,r69,r69,r69,r69,r69,r69,r69,r69,r69,r69,r69,r69,r69,r69,r69,r69,r69,r69,r69,r69,r69,r69,r69,r69,r69,,r69,r69,r69,r69,,r69,r69,,r69,,,,,,,,,,r69,r69,r69,r69,r69,r69
82,s70,s57,,s63,,,,,s71,s72,s73,s74,s75,s76,s77,s78,s79,s80,s7,s8,s9,s10,s11,s12,s13,s14,s15,s16,s17,s18,s19,s20,s21,s22,s23,s24,s25,s26,s27,s28,s29,s30,,s44,s45,s46,s47,,s48,s49,,s41,,,,,,,,,,s65,s66,s67,s68,s50,
83,s70,s57,,s63,,,,,s71,s72,s73,s74,s75,s76,s77,s78,s79,s80,,,,,,,,,,,,,,,,,,,,,,,,,,,,,,,,,,,,,,,,,,,,s65,s66,s67,s68,,
84,s70,s57,,s63,,,,,s71,s72,s73,s74,s75,s76,s77,s78,s79,s80,,,,,,,,,,,,,,,,,,,,,,,,,,,,,,,,,,,,,,,,,,,,s65,s66,s67,s68,,
85,r71,r71,,r71,,,,,r71,r71,r71,r71,r71,r71,r71,r71,r71,r71,r71,r71,r71,r71,r71,r71,r71,r71,r71,r71,r71,r71,r71,r71,r71,r71,r71,r71,r71,r71,r71,r71,r71,r71,,r71,r71,r71,r71,,r71,r71,,r71,,,,,,,,,,r71,r71,r71,r71,r71,r71
86,r72,r72,,r72,,,,,r72,r72,r72,r72,r72,r72,r72,r72,r72,r72,r72,r72,r72,r72,r72,r72,r72,r72,r72,r72,r72,r72,r72,r72,r72,r72,r72,r72,r72,r72,r72,r72,r72,r72,,r72,r72,r72,r72,,r72,r72,,r72,,,,,,,,,,r72,r72,r72,r72,r72,r72
87,,,,,,s110,s112,s111,,,,,,,,,,,,,,,,,,,,,,,,,,,,,,,,,,,,,,,,,,,,,,,,,,,,,,,,,,,
88,s70,s57,,s63,,,,,s71,s72,s73,s74,s75,s76,s77,s78,s79,s80,,,,,,,,,,,,,,,,,,,,,,,,,,,,,,,,,,,,,,,,,,,,s65,s66,s67,s68,,
89,,,,,,s83,s114,,,,,,,,,,,,,,,,,,,,,,,,,,,,,,,,,,,,,,,,,,,,,,s84,,,,,,,,,,,,,,
90,s70,,,s63,,,,,s71,s72,s73,s74,s75,s76,s77,s78,s79,s80,,,,,,,,,,,,,,,,,,,,,,,,,,,,,,,,,,,,,,,,,,,,,,,,,
91,,,,,,s83,,,,,,,,,,,,,,,,,,,,,,,,,,,,,,,,,,,,,,,,,,,,,s35,,s84,,,,,,,,,,,,,,
92,,,,,,,,,,,,,,,,,,,,,,,,,,,,,,,,,,,,,,,,,,,,,,,,s117,,,,,,,,,,,,,,,,,,,
93,,,,,,s83,,,,,,,,,,,,,,,,,,,,,,,,,,,,,,,,,,,,,,,,,,,,,s35,,s84,,,,,,,,,,,,,,
94,r64,r64,,r64,,,,,r64,r64,r64,r64,r64,r64,r64,r64,r64,r64,r64,r64,r64,r64,r64,r64,r64,r64,r64,r64,r64,r64,r64,r64,r64,r64,r64,r64,r64,r64,r64,r64,r64,r64,,r64,r64,r64,r64,,r64,r64,,r64,,,,,,,,,,r64,r64,r64,r64,r64,
95,,,,,,s83,s119,,,,,,,,,,,,,,,,,,,,,,,,,,,,,,,,,,,,,,,,,,,,,,s84,,,,,,,,,,,,,,
96,s70,s57,,s63,,,,,s71,s72,s73,s74,s75,s76,s77,s78,s79,s80,,,,,,,,,,,,,,,,,,,,,,,,,,,,,,,,,,,,,,,,,,,,s65,s66,s67,s68,,
97,s70,s57,,s63,,,,,s71,s72,s73,s74,s75,s76,s77,s78,s79,s80,,,,,,,,,,,,,,,,,,,,,,,,,,,,,,,,,,,,,,,,,,,,s65,s66,s67,s68,,
98,s70,s57,,s63,,,,,s71,s72,s73,s74,s75,s76,s77,s78,s79,s80,,,,,,,,,,,,,,,,,,,,,,,,,,,,,,,,,,,,,,,,,,,,s65,s66,s67,s68,,
99,s70,s57,,s63,,,,,s71,s72,s73,s74,s75,s76,s77,s78,s79,s80,,,,,,,,,,,,,,,,,,,,,,,,,,,,,,,,,,,,,,,,,,,,s65,s66,s67,s68,,
100,s70,s57,,s63,,,,,s71,s72,s73,s74,s75,s76,s77,s78,s79,s80,,,,,,,,,,,,,,,,,,,,,,,,,,,,,,,,,,,,,,,,,,,,s65,s66,s67,s68,,
101,s70,s57,,s63,,,,,s71,s72,s73,s74,s75,s76,s77,s78,s79,s80,,,,,,,,,,,,,,,,,,,,,,,,,,,,,,,,,,,,,,,,,,,,s65,s66,s67,s68,,
102,s70,s57,,s63,,,,,s71,s72,s73,s74,s75,s76,s77,s78,s79,s80,,,,,,,,,,,,,,,,,,,,,,,,,,,,,,,,,,,,,,,,,,,,s65,s66,s67,s68,,
103,,,s127,,,s83,,,,,,,,,,,,,,,,,,,,,,,,,,,,,,,,,,,,,,,,,,,,,,,s84,,,,,,,,,,,,,,
104,,,,s128,,,,,,,,,,,,,,,,,,,,,,,,,,,,,,,,,,,,,,,,,,,,,,,,,,,,,,,,,,,,,,,
105,,,r18,,r18,r18,r18,,,,,,,,,,,,,,,,,,,,,,,,,,,,,,,,,,,,,,,,,,,,r18,,r18,r18,r18,r18,r18,r18,r18,r18,r18,,,,,,
106,s70,,,s63,,,,,s71,s72,s73,s74,s75,s76,s77,s78,s79,s80,,,,,,,,,,,,,,,,,,,,,,,,,,,,,,,,,,,,,,,,,,,,s65,s66,s67,s68,,
107,r70,r70,,r70,,,,,r70,r70,r70,r70,r70,r70,r70,r70,r70,r70,r70,r70,r70,r70,r70,r70,r70,r70,r70,r70,r70,r70,r70,r70,r70,r70,r70,r70,r70,r70,r70,r70,r70,r70,,r70,r70,r70,r70,,r70,r70,,r70,,,,,,,,,,r70,r70,r70,r70,r70,r70
108,,,r74,,,r74,r74,,,,,,,,,,,,,,,,,,,,,,,,,,,,,,,,,,,,,,,,,,,,r74,,r74,s88,,,,,,,,,,,,,
109,,,r75,,,r75,r75,,,,,,,,,,,,,,,,,,,,,,,,,,,,,,,,,,,,,,,,,,,,r75,,r75,s88,,,,,,,,,,,,,
110,s70,s57,,s63,,,,,s71,s72,s73,s74,s75,s76,s77,s78,s79,s80,,,,,,,,,,,,,,,,,,,,,,,,,,,,,,,,,,,,,,,,,,,,s65,s66,s67,s68,,
111,s70,s57,,s63,,,,,s71,s72,s73,s74,s75,s76,s77,s78,s79,s80,,,,,,,,,,,,,,,,,,,,,,,,,,,,,,,,,,,,,,,,,,,,s65,s66,s67,s68,,
112,r11,r11,,r11,,,,,r11,r11,r11,r11,r11,r11,r11,r11,r11,r11,r11,r11,r11,r11,r11,r11,r11,r11,r11,r11,r11,r11,r11,r11,r11,r11,r11,r11,r11,r11,r11,r11,r11,r11,,r11,r11,r11,r11,,r11,r11,,r11,,,,,,,,,,r11,r11,r11,r11,r11,
113,,,r77,,,r77,r77,,,,,,,,,,,,,,,,,,,,,,,,,,,,,,,,,,,,,,,,,,,,r77,,r77,r77,s96,,,,,,,,,,,,
114,r59,r59,,r59,,,,,r59,r59,r59,r59,r59,r59,r59,r59,r59,r59,r59,r59,r59,r59,r59,r59,r59,r59,r59,r59,r59,r59,r59,r59,r59,r59,r59,r59,r59,r59,r59,r59,r59,r59,,r59,r59,r59,r59,,r59,r59,,r59,,,,,,,,,,r59,r59,r59,r59,r59,
115,,,s134,,,,,,,,,,,,,,,,,,,,,,,,,,,,,,,,,,,,,,,,,,,,,,,,,,,,,,,,,,,,,,,,
116,r61,r61,,r61,,,,,r61,r61,r61,r61,r61,r61,r61,r61,r61,r61,r61,r61,r61,r61,r61,r61,r61,r61,r61,r61,r61,r61,r61,r61,r61,r61,r61,r61,r61,r61,r61,r61,r61,r61,,r61,r61,r61,r61,,r61,r61,,r61,,,,,,,,,,r61,r61,r61,r61,r61,
117,,,,s135,,,,,,,,,,,,,,,,,,,,,,,,,,,,,,,,,,,,,,,,,,,,,,,,,,,,,,,,,,,,,,,
118,r63,r63,,r63,,,,,r63,r63,r63,r63,r63,r63,r63,r63,r63,r63,r63,r63,r63,r63,r63,r63,r63,r63,r63,r63,r63,r63,r63,r63,r63,r63,r63,r63,r63,r63,r63,r63,r63,r63,,r63,r63,r63,r63,,r63,r63,,r63,,,,,,,,,,r63,r63,r63,r63,r63,
119,,,,,,,,,,,,,,,,,,,,,,,,,,,,,,,,,,,,,,,,,,,,,,,,,,,,r98,,,,,,,,,,,,,,,
120,,,r79,,,r79,r79,,,,,,,,,,,,,,,,,,,,,,,,,,,,,,,,,,,,,,,,,,,,r79,,r79,r79,r79,s97,s98,s99,,,,,,,,,
121,,,r81,,,r81,r81,,,,,,,,,,,,,,,,,,,,,,,,,,,,,,,,,,,,,,,,,,,,r81,,r81,r81,r81,r81,r81,r81,s100,,,,,,,,
122,,,r82,,,r82,r82,,,,,,,,,,,,,,,,,,,,,,,,,,,,,,,,,,,,,,,,,,,,r82,,r82,r82,r82,r82,r82,r82,s100,,,,,,,,
123,,,r83,,,r83,r83,,,,,,,,,,,,,,,,,,,,,,,,,,,,,,,,,,,,,,,,,,,,r83,,r83,r83,r83,r83,r83,r83,s100,,,,,,,,
124,,,r85,,,r85,r85,,,,,,,,,,,,,,,,,,,,,,,,,,,,,,,,,,,,,,,,,,,,r85,,r85,r85,r85,r85,r85,r85,r85,s101,,,,,,,
125,,,r87,,,r87,r87,,,,,,,,,,,,,,,,,,,,,,,,,,,,,,,,,,,,,,,,,,,,r87,,r87,r87,r87,r87,r87,r87,r87,r87,s102,,,,,,
126,,,r89,,,r89,r89,,,,,,,,,,,,,,,,,,,,,,,,,,,,,,,,,,,,,,,,,,,,r89,,r89,r89,r89,r89,r89,r89,r89,r89,r89,,,,,,
127,,,r91,,,r91,r91,,,,,,,,,,,,,,,,,,,,,,,,,,,,,,,,,,,,,,,,,,,,r91,,r91,r91,r91,r91,r91,r91,r91,r91,r91,,,,,,
128,,,r16,,r16,r16,r16,,,,,,,,,,,,,,,,,,,,,,,,,,,,,,,,,,,,,,,,,,,,r16,,r16,r16,r16,r16,r16,r16,r16,r16,r16,,,,,,
129,,,s136,,s137,,,,,,,,,,,,,,,,,,,,,,,,,,,,,,,,,,,,,,,,,,,,,,,,,,,,,,,,,,,,,,
130,,,r66,,r66,,,,,,,,,,,,,,,,,,,,,,,,,,,,,,,,,,,,,,,,,,,,,,,,,,,,,,,,,,,,,,
131,,,r67,,r67,,,,,,,,,,,,,,,,,,,,,,,,,,,,,,,,,,,,,,,,,,,,,,,,,,,,,,,,,,,,,,
132,,,,,,s83,s138,,,,,,,,,,,,,,,,,,,,,,,,,,,,,,,,,,,,,,,,,,,,,,s84,,,,,,,,,,,,,,
133,,,,,,s83,s139,,,,,,,,,,,,,,,,,,,,,,,,,,,,,,,,,,,,,,,,,,,,,,s84,,,,,,,,,,,,,,
134,,,,,,,s140,,,,,,,,,,,,,,,,,,,,,,,,,,,,,,,,,,,,,,,,,,,,,,,,,,,,,,,,,,,,
135,,,,,,,,,,,,,,,,,,,,,,,,,,,,,,,,,,,,,,,,,,,,,,,,,,,s35,,,,,,,,,,,,,,,,
136,,,r19,,r19,r19,r19,,,,,,,,,,,,,,,,,,,,,,,,,,,,,,,,,,,,,,,,,,,,r19,,r19,r19,r19,r19,r19,r19,r19,r19,r19,,,,,,
137,,,,,,,,,,,,,,,,,,,,,,,,,,,,,,,,,,,,,,,,,,,,,,,,,,,,,,,,,,,,,,s65,s66,s67,s68,,
138,r9,r9,,r9,,,,,r9,r9,r9,r9,r9,r9,r9,r9,r9,r9,r9,r9,r9,r9,r9,r9,r9,r9,r9,r9,r9,r9,r9,r9,r9,r9,r9,r9,r9,r9,r9,r9,r9,r9,,r9,r9,r9,r9,,r9,r9,,r9,,,,,,,,,,r9,r9,r9,r9,r9,
139,r10,r10,,r10,,,,,r10,r10,r10,r10,r10,r10,r10,r10,r10,r10,r10,r10,r10,r10,r10,r10,r10,r10,r10,r10,r10,r10,r10,r10,r10,r10,r10,r10,r10,r10,r10,r10,r10,r10,,r10,r10,r10,r10,,r10,r10,,r10,,,,,,,,,,r10,r10,r10,r10,r10,
140,r60,r60,,r60,,,,,r60,r60,r60,r60,r60,r60,r60,r60,r60,r60,r60,r60,r60,r60,r60,r60,r60,r60,r60,r60,r60,r60,r60,r60,r60,r60,r60,r60,r60,r60,r60,r60,r60,r60,,r60,r60,r60,r60,,r60,r60,,r60,,,,,,,,,,r60,r60,r60,r60,r60,
141,r62,r62,,r62,,,,,r62,r62,r62,r62,r62,r62,r62,r62,r62,r62,r62,r62,r62,r62,r62,r62,r62,r62,r62,r62,r62,r62,r62,r62,r62,r62,r62,r62,r62,r62,r62,r62,r62,r62,,r62,r62,r62,r62,,r62,r62,,r62,,,,,,,,,,r62,r62,r62,r62,r62,
142,,,r65,,r65,,,,,,,,,,,,,,,,,,,,,,,,,,,,,,,,,,,,,,,,,,,,,,,,,,,,,,,,,,,,,,