State,term,id,comma,opAtrib,opAccess,paramStart,paramEnd,fAdd,fRemove,fReverse,fUpper,fLower,fLength,fDiffDates,fCollectData,fCompare,fSplit,fContains,fGet,fPut,tInt,tFloat,tString,tBool,tCommit,tUser,tRepository,tFile,tIssue,tPullRequest,tComment,tDate,tHattoriSize,tHattoriNature,tInts,tFloats,tStrings,tBools,tCommits,tUsers,tRepositories,tFiles,tIssues,tPullRequests,tComments,tDates,prWrite,prWhile,prFor,prIf,prElse,in,escStart,escEnd,opConc,opLogicOr,opLogicAnd,opRel1,opRel2,opRel3,opAritAd,opAritMul,opNeg,tLitInt,tLitFloat,tLitBool,tLitString,$
0,,s52,,,,s46,,s59,s60,s61,s62,s63,s64,s65,s66,s67,s68,s69,s70,s71,s15,s16,s17,s18,s19,s20,s21,s22,s23,s24,s25,s26,s27,s28,s29,s30,s31,s32,s33,s34,s35,s36,s37,s38,s39,s40,s7,s8,s9,s10,s11,,,,,,,,,,,,,s54,s55,s56,s57,
1,,,,,,,,,,,,,,,,,,,,,,,,,,,,,,,,,,,,,,,,,,,,,,,,,,,,,,,,,,,,,,,,,,,,acc
2,,s52,,,,s46,,s59,s60,s61,s62,s63,s64,s65,s66,s67,s68,s69,s70,s71,s15,s16,s17,s18,s19,s20,s21,s22,s23,s24,s25,s26,s27,s28,s29,s30,s31,s32,s33,s34,s35,s36,s37,s38,s39,s40,s7,s8,s9,s10,s11,,,,,,,,,,,,,s54,s55,s56,s57,r4
3,s76,,,s77,,,,,,,,,,,,,,,,,,,,,,,,,,,,,,,,,,,,,,,,,,,,,,,,,,,s78,,,,,,,,,,,,,
4,,s52,,,,s46,,s59,s60,s61,s62,s63,s64,s65,s66,s67,s68,s69,s70,s71,s15,s16,s17,s18,s19,s20,s21,s22,s23,s24,s25,s26,s27,s28,s29,s30,s31,s32,s33,s34,s35,s36,s37,s38,s39,s40,s7,s8,s9,s10,s11,,,,,,,,,,,,,s54,s55,s56,s57,r6
5,,s80,,,,,,,,,,,,,,,,,,,,,,,,,,,,,,,,,,,,,,,,,,,,,,,,,,,,,,,,,,,,,,,,,,
6,r83,,,r83,,,r83,,,,,,,,,,,,,,,,,,,,,,,,,,,,,,,,,,,,,,,,,,,,,,r83,,r83,s81,,,,,,,,,,,,
7,,s52,,,,s46,,s59,s60,s61,s62,s63,s64,s65,s66,s67,s68,s69,s70,s71,,,,,,,,,,,,,,,,,,,,,,,,,,,,,,,,,,,,,,,,,,,,s54,s55,s56,s57,
8,,s52,,,,s46,,s59,s60,s61,s62,s63,s64,s65,s66,s67,s68,s69,s70,s71,,,,,,,,,,,,,,,,,,,,,,,,,,,,,,,,,,,,,,,,,,,,s54,s55,s56,s57,
9,,,,,,s85,,,,,,,,,,,,,,,,,,,,,,,,,,,,,,,,,,,,,,,,,,,,,,,,,,,,,,,,,,,,,,
10,,s52,,,,s46,,s59,s60,s61,s62,s63,s64,s65,s66,s67,s68,s69,s70,s71,,,,,,,,,,,,,,,,,,,,,,,,,,,,,,,,,,,,,,,,,,,,s54,s55,s56,s57,
11,,,,,,,,,,,,,,,,,,,,,,,,,,,,,,,,,,,,,,,,,,,,,,,,,,,,,s88,,,,,,,,,,,,,,,
12,,r36,,,,,,,,,,,,,,,,,,,,,,,,,,,,,,,,,,,,,,,,,,,,,,,,,,,,,,,,,,,,,,,,,,
13,,r37,,,,,,,,,,,,,,,,,,,,,,,,,,,,,,,,,,,,,,,,,,,,,,,,,,,,,,,,,,,,,,,,,,
14,r85,,,r85,,,r85,,,,,,,,,,,,,,,,,,,,,,,,,,,,,,,,,,,,,,,,,,,,,,r85,,r85,r85,s89,,,,,,,,,,,
15,,r38,,,,,,,,,,,,,,,,,,,,,,,,,,,,,,,,,,,,,,,,,,,,,,,,,,,,,,,,,,,,,,,,,,
16,,r39,,,,,,,,,,,,,,,,,,,,,,,,,,,,,,,,,,,,,,,,,,,,,,,,,,,,,,,,,,,,,,,,,,
17,,r40,,,,,,,,,,,,,,,,,,,,,,,,,,,,,,,,,,,,,,,,,,,,,,,,,,,,,,,,,,,,,,,,,,
18,,r41,,,,,,,,,,,,,,,,,,,,,,,,,,,,,,,,,,,,,,,,,,,,,,,,,,,,,,,,,,,,,,,,,,
19,,r42,,,,,,,,,,,,,,,,,,,,,,,,,,,,,,,,,,,,,,,,,,,,,,,,,,,,,,,,,,,,,,,,,,
20,,r43,,,,,,,,,,,,,,,,,,,,,,,,,,,,,,,,,,,,,,,,,,,,,,,,,,,,,,,,,,,,,,,,,,
21,,r44,,,,,,,,,,,,,,,,,,,,,,,,,,,,,,,,,,,,,,,,,,,,,,,,,,,,,,,,,,,,,,,,,,
22,,r45,,,,,,,,,,,,,,,,,,,,,,,,,,,,,,,,,,,,,,,,,,,,,,,,,,,,,,,,,,,,,,,,,,
23,,r46,,,,,,,,,,,,,,,,,,,,,,,,,,,,,,,,,,,,,,,,,,,,,,,,,,,,,,,,,,,,,,,,,,
24,,r47,,,,,,,,,,,,,,,,,,,,,,,,,,,,,,,,,,,,,,,,,,,,,,,,,,,,,,,,,,,,,,,,,,
25,,r48,,,,,,,,,,,,,,,,,,,,,,,,,,,,,,,,,,,,,,,,,,,,,,,,,,,,,,,,,,,,,,,,,,
26,,r49,,,,,,,,,,,,,,,,,,,,,,,,,,,,,,,,,,,,,,,,,,,,,,,,,,,,,,,,,,,,,,,,,,
27,,r50,,,,,,,,,,,,,,,,,,,,,,,,,,,,,,,,,,,,,,,,,,,,,,,,,,,,,,,,,,,,,,,,,,
28,,r51,,,,,,,,,,,,,,,,,,,,,,,,,,,,,,,,,,,,,,,,,,,,,,,,,,,,,,,,,,,,,,,,,,
29,,r52,,,,,,,,,,,,,,,,,,,,,,,,,,,,,,,,,,,,,,,,,,,,,,,,,,,,,,,,,,,,,,,,,,
30,,r53,,,,,,,,,,,,,,,,,,,,,,,,,,,,,,,,,,,,,,,,,,,,,,,,,,,,,,,,,,,,,,,,,,
31,,r54,,,,,,,,,,,,,,,,,,,,,,,,,,,,,,,,,,,,,,,,,,,,,,,,,,,,,,,,,,,,,,,,,,
32,,r55,,,,,,,,,,,,,,,,,,,,,,,,,,,,,,,,,,,,,,,,,,,,,,,,,,,,,,,,,,,,,,,,,,
33,,r56,,,,,,,,,,,,,,,,,,,,,,,,,,,,,,,,,,,,,,,,,,,,,,,,,,,,,,,,,,,,,,,,,,
34,,r57,,,,,,,,,,,,,,,,,,,,,,,,,,,,,,,,,,,,,,,,,,,,,,,,,,,,,,,,,,,,,,,,,,
35,,r58,,,,,,,,,,,,,,,,,,,,,,,,,,,,,,,,,,,,,,,,,,,,,,,,,,,,,,,,,,,,,,,,,,
36,,r59,,,,,,,,,,,,,,,,,,,,,,,,,,,,,,,,,,,,,,,,,,,,,,,,,,,,,,,,,,,,,,,,,,
37,,r60,,,,,,,,,,,,,,,,,,,,,,,,,,,,,,,,,,,,,,,,,,,,,,,,,,,,,,,,,,,,,,,,,,
38,,r61,,,,,,,,,,,,,,,,,,,,,,,,,,,,,,,,,,,,,,,,,,,,,,,,,,,,,,,,,,,,,,,,,,
39,,r62,,,,,,,,,,,,,,,,,,,,,,,,,,,,,,,,,,,,,,,,,,,,,,,,,,,,,,,,,,,,,,,,,,
40,,r63,,,,,,,,,,,,,,,,,,,,,,,,,,,,,,,,,,,,,,,,,,,,,,,,,,,,,,,,,,,,,,,,,,
41,r87,,,r87,,,r87,,,,,,,,,,,,,,,,,,,,,,,,,,,,,,,,,,,,,,,,,,,,,,r87,,r87,r87,r87,s90,s91,s92,,,,,,,,
42,r91,,,r91,,,r91,,,,,,,,,,,,,,,,,,,,,,,,,,,,,,,,,,,,,,,,,,,,,,r91,,r91,r91,r91,r91,r91,r91,s93,,,,,,,
43,r93,,,r93,,,r93,,,,,,,,,,,,,,,,,,,,,,,,,,,,,,,,,,,,,,,,,,,,,,r93,,r93,r93,r93,r93,r93,r93,r93,s94,,,,,,
44,r95,,,r95,,,r95,,,,,,,,,,,,,,,,,,,,,,,,,,,,,,,,,,,,,,,,,,,,,,r95,,r95,r95,r95,r95,r95,r95,r95,r95,s95,,,,,
45,r97,,,r97,,,r97,,,,,,,,,,,,,,,,,,,,,,,,,,,,,,,,,,,,,,,,,,,,,,r97,,r97,r97,r97,r97,r97,r97,r97,r97,r97,,,,,
46,,s52,,,,s46,,s59,s60,s61,s62,s63,s64,s65,s66,s67,s68,s69,s70,s71,,,,,,,,,,,,,,,,,,,,,,,,,,,,,,,,,,,,,,,,,,,,s54,s55,s56,s57,
47,r99,,,r99,,,r99,,,,,,,,,,,,,,,,,,,,,,,,,,,,,,,,,,,,,,,,,,,,,,r99,,r99,r99,r99,r99,r99,r99,r99,r99,r99,,,,,
48,r100,,,r100,,,r100,,,,,,,,,,,,,,,,,,,,,,,,,,,,,,,,,,,,,,,,,,,,,,r100,,r100,r100,r100,r100,r100,r100,r100,r100,r100,,,,,
49,r13,,r13,r13,,,r13,,,,,,,,,,,,,,,,,,,,,,,,,,,,,,,,,,,,,,,,,,,,,,r13,,r13,r13,r13,r13,r13,r13,r13,r13,r13,,,,,
50,r14,,r14,r14,,,r14,,,,,,,,,,,,,,,,,,,,,,,,,,,,,,,,,,,,,,,,,,,,,,r14,,r14,r14,r14,r14,r14,r14,r14,r14,r14,,,,,
51,r15,,r15,r15,,,r15,,,,,,,,,,,,,,,,,,,,,,,,,,,,,,,,,,,,,,,,,,,,,,r15,,r15,r15,r15,r15,r15,r15,r15,r15,r15,,,,,
52,r16,,r16,r16,s97,,r16,,,,,,,,,,,,,,,,,,,,,,,,,,,,,,,,,,,,,,,,,,,,,,r16,,r16,r16,r16,r16,r16,r16,r16,r16,r16,,,,,
53,r19,,r19,r19,,,r19,,,,,,,,,,,,,,,,,,,,,,,,,,,,,,,,,,,,,,,,,,,,,,r19,,r19,r19,r19,r19,r19,r19,r19,r19,r19,,,,,
54,r101,,r101,r101,,,r101,,,,,,,,,,,,,,,,,,,,,,,,,,,,,,,,,,,,,,,,,,,,,,r101,,r101,r101,r101,r101,r101,r101,r101,r101,r101,,,,,
55,r102,,r102,r102,,,r102,,,,,,,,,,,,,,,,,,,,,,,,,,,,,,,,,,,,,,,,,,,,,,r102,,r102,r102,r102,r102,r102,r102,r102,r102,r102,,,,,
56,r103,,r103,r103,,,r103,,,,,,,,,,,,,,,,,,,,,,,,,,,,,,,,,,,,,,,,,,,,,,r103,,r103,r103,r103,r103,r103,r103,r103,r103,r103,,,,,
57,r104,,r104,r104,,,r104,,,,,,,,,,,,,,,,,,,,,,,,,,,,,,,,,,,,,,,,,,,,,,r104,,r104,r104,r104,r104,r104,r104,r104,r104,r104,,,,,
58,,,,,,s99,,,,,,,,,,,,,,,,,,,,,,,,,,,,,,,,,,,,,,,,,,,,,,,,,,,,,,,,,,,,,,
59,,,,,,r23,,,,,,,,,,,,,,,,,,,,,,,,,,,,,,,,,,,,,,,,,,,,,,,,,,,,,,,,,,,,,,
60,,,,,,r24,,,,,,,,,,,,,,,,,,,,,,,,,,,,,,,,,,,,,,,,,,,,,,,,,,,,,,,,,,,,,,
61,,,,,,r25,,,,,,,,,,,,,,,,,,,,,,,,,,,,,,,,,,,,,,,,,,,,,,,,,,,,,,,,,,,,,,
62,,,,,,r26,,,,,,,,,,,,,,,,,,,,,,,,,,,,,,,,,,,,,,,,,,,,,,,,,,,,,,,,,,,,,,
63,,,,,,r27,,,,,,,,,,,,,,,,,,,,,,,,,,,,,,,,,,,,,,,,,,,,,,,,,,,,,,,,,,,,,,
64,,,,,,r28,,,,,,,,,,,,,,,,,,,,,,,,,,,,,,,,,,,,,,,,,,,,,,,,,,,,,,,,,,,,,,
65,,,,,,r29,,,,,,,,,,,,,,,,,,,,,,,,,,,,,,,,,,,,,,,,,,,,,,,,,,,,,,,,,,,,,,
66,,,,,,r30,,,,,,,,,,,,,,,,,,,,,,,,,,,,,,,,,,,,,,,,,,,,,,,,,,,,,,,,,,,,,,
67,,,,,,r31,,,,,,,,,,,,,,,,,,,,,,,,,,,,,,,,,,,,,,,,,,,,,,,,,,,,,,,,,,,,,,
68,,,,,,r32,,,,,,,,,,,,,,,,,,,,,,,,,,,,,,,,,,,,,,,,,,,,,,,,,,,,,,,,,,,,,,
69,,,,,,r33,,,,,,,,,,,,,,,,,,,,,,,,,,,,,,,,,,,,,,,,,,,,,,,,,,,,,,,,,,,,,,
70,,,,,,r34,,,,,,,,,,,,,,,,,,,,,,,,,,,,,,,,,,,,,,,,,,,,,,,,,,,,,,,,,,,,,,
71,,,,,,r35,,,,,,,,,,,,,,,,,,,,,,,,,,,,,,,,,,,,,,,,,,,,,,,,,,,,,,,,,,,,,,
72,,,,,,,,,,,,,,,,,,,,,,,,,,,,,,,,,,,,,,,,,,,,,,,,,,,,,,,,,,,,,,,,,,,,r1
73,,s52,,,,s46,,s59,s60,s61,s62,s63,s64,s65,s66,s67,s68,s69,s70,s71,s15,s16,s17,s18,s19,s20,s21,s22,s23,s24,s25,s26,s27,s28,s29,s30,s31,s32,s33,s34,s35,s36,s37,s38,s39,s40,s7,s8,s9,s10,s11,,,r76,,,,,,,,,,s54,s55,s56,s57,r76
74,s101,,,s77,,,,,,,,,,,,,,,,,,,,,,,,,,,,,,,,,,,,,,,,,,,,,,,,,,,s78,,,,,,,,,,,,,
75,,s52,,,,s46,,s59,s60,s61,s62,s63,s64,s65,s66,s67,s68,s69,s70,s71,s15,s16,s17,s18,s19,s20,s21,s22,s23,s24,s25,s26,s27,s28,s29,s30,s31,s32,s33,s34,s35,s36,s37,s38,s39,s40,s7,s8,s9,s10,s11,,,r80,,,,,,,,,,s54,s55,s56,s57,r80
76,,s52,,,,s46,,s59,s60,s61,s62,s63,s64,s65,s66,s67,s68,s69,s70,s71,s15,s16,s17,s18,s19,s20,s21,s22,s23,s24,s25,s26,s27,s28,s29,s30,s31,s32,s33,s34,s35,s36,s37,s38,s39,s40,s7,s8,s9,s10,s11,,,,,,,,,,,,,s54,s55,s56,s57,r5
77,,s52,,,,s46,,s59,s60,s61,s62,s63,s64,s65,s66,s67,s68,s69,s70,s71,,,,,,,,,,,,,,,,,,,,,,,,,,,,,,,,,,,,,,,,,,,,s54,s55,s56,s57,
78,,s52,,,,s46,,s59,s60,s61,s62,s63,s64,s65,s66,s67,s68,s69,s70,s71,,,,,,,,,,,,,,,,,,,,,,,,,,,,,,,,,,,,,,,,,,,,s54,s55,s56,s57,
79,,,,,,,,,,,,,,,,,,,,,,,,,,,,,,,,,,,,,,,,,,,,,,,,,,,,,,,,,,,,,,,,,,,,r3
80,s108,,,s106,s107,,,,,,,,,,,,,,,,,,,,,,,,,,,,,,,,,,,,,,,,,,,,,,,,,,,,,,,,,,,,,,,
81,,s52,,,,s46,,s59,s60,s61,s62,s63,s64,s65,s66,s67,s68,s69,s70,s71,,,,,,,,,,,,,,,,,,,,,,,,,,,,,,,,,,,,,,,,,,,,s54,s55,s56,s57,
82,s110,,,s77,,,,,,,,,,,,,,,,,,,,,,,,,,,,,,,,,,,,,,,,,,,,,,,,,,,s78,,,,,,,,,,,,,
83,,,,s77,,,,,,,,,,,,,,,,,,,,,,,,,,,,,,,,,,,,,,,,,,,,,,,,,s88,,s78,,,,,,,,,,,,,
84,,,,,,,,,,,,,,,,,,,,,,,,,,,,,,,,,,,,,,,,,,,,,,,,,,,,,s88,,,,,,,,,,,,,,,
85,,,,,,,,,,,,,,,,,,,,,s15,s16,s17,s18,s19,s20,s21,s22,s23,s24,s25,s26,s27,s28,s29,s30,s31,s32,s33,s34,s35,s36,s37,s38,s39,s40,,,,,,,,,,,,,,,,,,,,,,
86,,,,s77,,,,,,,,,,,,,,,,,,,,,,,,,,,,,,,,,,,,,,,,,,,,,,,,,s88,,s78,,,,,,,,,,,,,
87,,r68,,,,r68,,r68,r68,r68,r68,r68,r68,r68,r68,r68,r68,r68,r68,r68,r68,r68,r68,r68,r68,r68,r68,r68,r68,r68,r68,r68,r68,r68,r68,r68,r68,r68,r68,r68,r68,r68,r68,r68,r68,r68,r68,r68,r68,r68,r68,,,r68,,,,,,,,,,r68,r68,r68,r68,r68
88,,s52,,,,s46,,s59,s60,s61,s62,s63,s64,s65,s66,s67,s68,s69,s70,s71,s15,s16,s17,s18,s19,s20,s21,s22,s23,s24,s25,s26,s27,s28,s29,s30,s31,s32,s33,s34,s35,s36,s37,s38,s39,s40,s7,s8,s9,s10,s11,,,,,,,,,,,,,s54,s55,s56,s57,
89,,s52,,,,s46,,s59,s60,s61,s62,s63,s64,s65,s66,s67,s68,s69,s70,s71,,,,,,,,,,,,,,,,,,,,,,,,,,,,,,,,,,,,,,,,,,,,s54,s55,s56,s57,
90,,s52,,,,s46,,s59,s60,s61,s62,s63,s64,s65,s66,s67,s68,s69,s70,s71,,,,,,,,,,,,,,,,,,,,,,,,,,,,,,,,,,,,,,,,,,,,s54,s55,s56,s57,
91,,s52,,,,s46,,s59,s60,s61,s62,s63,s64,s65,s66,s67,s68,s69,s70,s71,,,,,,,,,,,,,,,,,,,,,,,,,,,,,,,,,,,,,,,,,,,,s54,s55,s56,s57,
92,,s52,,,,s46,,s59,s60,s61,s62,s63,s64,s65,s66,s67,s68,s69,s70,s71,,,,,,,,,,,,,,,,,,,,,,,,,,,,,,,,,,,,,,,,,,,,s54,s55,s56,s57,
93,,s52,,,,s46,,s59,s60,s61,s62,s63,s64,s65,s66,s67,s68,s69,s70,s71,,,,,,,,,,,,,,,,,,,,,,,,,,,,,,,,,,,,,,,,,,,,s54,s55,s56,s57,
94,,s52,,,,s46,,s59,s60,s61,s62,s63,s64,s65,s66,s67,s68,s69,s70,s71,,,,,,,,,,,,,,,,,,,,,,,,,,,,,,,,,,,,,,,,,,,,s54,s55,s56,s57,
95,,s52,,,,s46,,s59,s60,s61,s62,s63,s64,s65,s66,s67,s68,s69,s70,s71,,,,,,,,,,,,,,,,,,,,,,,,,,,,,,,,,,,,,,,,,,,,s54,s55,s56,s57,
96,,,,s77,,,s124,,,,,,,,,,,,,,,,,,,,,,,,,,,,,,,,,,,,,,,,,,,,,,,,s78,,,,,,,,,,,,,
97,,s125,,,,,,s59,s60,s61,s62,s63,s64,s65,s66,s67,s68,s69,s70,s71,,,,,,,,,,,,,,,,,,,,,,,,,,,,,,,,,,,,,,,,,,,,,,,,
98,r20,,r20,r20,,,r20,,,,,,,,,,,,,,,,,,,,,,,,,,,,,,,,,,,,,,,,,,,,,,r20,,r20,r20,r20,r20,r20,r20,r20,r20,r20,,,,,
99,,s52,,,,,s128,s59,s60,s61,s62,s63,s64,s65,s66,s67,s68,s69,s70,s71,,,,,,,,,,,,,,,,,,,,,,,,,,,,,,,,,,,,,,,,,,,,s54,s55,s56,s57,
100,,,,,,,,,,,,,,,,,,,,,,,,,,,,,,,,,,,,,,,,,,,,,,,,,,,,,,r75,,,,,,,,,,,,,,r75
101,,s52,,,,s46,,s59,s60,s61,s62,s63,s64,s65,s66,s67,s68,s69,s70,s71,s15,s16,s17,s18,s19,s20,s21,s22,s23,s24,s25,s26,s27,s28,s29,s30,s31,s32,s33,s34,s35,s36,s37,s38,s39,s40,s7,s8,s9,s10,s11,,,r78,,,,,,,,,,s54,s55,s56,s57,r78
102,,,,,,,,,,,,,,,,,,,,,,,,,,,,,,,,,,,,,,,,,,,,,,,,,,,,,,r79,,,,,,,,,,,,,,r79
103,,,,,,,,,,,,,,,,,,,,,,,,,,,,,,,,,,,,,,,,,,,,,,,,,,,,,,,,,,,,,,,,,,,,r2
104,r81,,,r81,,,r81,,,,,,,,,,,,,,,,,,,,,,,,,,,,,,,,,,,,,,,,,,,,,,r81,,r81,s81,,,,,,,,,,,,
105,r82,,,r82,,,r82,,,,,,,,,,,,,,,,,,,,,,,,,,,,,,,,,,,,,,,,,,,,,,r82,,r82,s81,,,,,,,,,,,,
106,,s52,,,,s46,,s59,s60,s61,s62,s63,s64,s65,s66,s67,s68,s69,s70,s71,,,,,,,,,,,,,,,,,,,,,,,,,,,,,,,,,,,,,,,,,,,,s54,s55,s56,s57,
107,,s52,,,,s46,,s59,s60,s61,s62,s63,s64,s65,s66,s67,s68,s69,s70,s71,,,,,,,,,,,,,,,,,,,,,,,,,,,,,,,,,,,,,,,,,,,,s54,s55,s56,s57,
108,,r12,,,,r12,,r12,r12,r12,r12,r12,r12,r12,r12,r12,r12,r12,r12,r12,r12,r12,r12,r12,r12,r12,r12,r12,r12,r12,r12,r12,r12,r12,r12,r12,r12,r12,r12,r12,r12,r12,r12,r12,r12,r12,r12,r12,r12,r12,r12,,,r12,,,,,,,,,,r12,r12,r12,r12,r12
109,r84,,,r84,,,r84,,,,,,,,,,,,,,,,,,,,,,,,,,,,,,,,,,,,,,,,,,,,,,r84,,r84,r84,s89,,,,,,,,,,,
110,,r64,,,,r64,,r64,r64,r64,r64,r64,r64,r64,r64,r64,r64,r64,r64,r64,r64,r64,r64,r64,r64,r64,r64,r64,r64,r64,r64,r64,r64,r64,r64,r64,r64,r64,r64,r64,r64,r64,r64,r64,r64,r64,r64,r64,r64,r64,r64,,,r64,,,,,,,,,,r64,r64,r64,r64,r64
111,,r65,,,,r65,,r65,r65,r65,r65,r65,r65,r65,r65,r65,r65,r65,r65,r65,r65,r65,r65,r65,r65,r65,r65,r65,r65,r65,r65,r65,r65,r65,r65,r65,r65,r65,r65,r65,r65,r65,r65,r65,r65,r65,r65,r65,r65,r65,r65,,,r65,,,,,,,,,,r65,r65,r65,r65,r65
112,,r66,,,,r66,,r66,r66,r66,r66,r66,r66,r66,r66,r66,r66,r66,r66,r66,r66,r66,r66,r66,r66,r66,r66,r66,r66,r66,r66,r66,r66,r66,r66,r66,r66,r66,r66,r66,r66,r66,r66,r66,r66,r66,r66,r66,r66,r66,r66,,,r66,,,,,,,,,,r66,r66,r66,r66,r66
113,,,,,,,,,,,,,,,,,,,,,,,,,,,,,,,,,,,,,,,,,,,,,,,,,,,,s134,,,,,,,,,,,,,,,,
114,,s135,,,,,,,,,,,,,,,,,,,,,,,,,,,,,,,,,,,,,,,,,,,,,,,,,,,,,,,,,,,,,,,,,,
115,,r67,,,,r67,,r67,r67,r67,r67,r67,r67,r67,r67,r67,r67,r67,r67,r67,r67,r67,r67,r67,r67,r67,r67,r67,r67,r67,r67,r67,r67,r67,r67,r67,r67,r67,r67,r67,r67,r67,r67,r67,r67,r67,r67,r67,r67,r67,r67,,,r67,,,,,,,,,,r67,r67,r67,r67,r67
116,,,,,,,,,,,,,,,,,,,,,,,,,,,,,,,,,,,,,,,,,,,,,,,,,,,,,,s136,,,,,,,,,,,,,,
117,r86,,,r86,,,r86,,,,,,,,,,,,,,,,,,,,,,,,,,,,,,,,,,,,,,,,,,,,,,r86,,r86,r86,r86,s90,s91,s92,,,,,,,,
118,r88,,,r88,,,r88,,,,,,,,,,,,,,,,,,,,,,,,,,,,,,,,,,,,,,,,,,,,,,r88,,r88,r88,r88,r88,r88,r88,s93,,,,,,,
119,r89,,,r89,,,r89,,,,,,,,,,,,,,,,,,,,,,,,,,,,,,,,,,,,,,,,,,,,,,r89,,r89,r89,r89,r89,r89,r89,s93,,,,,,,
120,r90,,,r90,,,r90,,,,,,,,,,,,,,,,,,,,,,,,,,,,,,,,,,,,,,,,,,,,,,r90,,r90,r90,r90,r90,r90,r90,s93,,,,,,,
121,r92,,,r92,,,r92,,,,,,,,,,,,,,,,,,,,,,,,,,,,,,,,,,,,,,,,,,,,,,r92,,r92,r92,r92,r92,r92,r92,r92,s94,,,,,,
122,r94,,,r94,,,r94,,,,,,,,,,,,,,,,,,,,,,,,,,,,,,,,,,,,,,,,,,,,,,r94,,r94,r94,r94,r94,r94,r94,r94,r94,s95,,,,,
123,r96,,,r96,,,r96,,,,,,,,,,,,,,,,,,,,,,,,,,,,,,,,,,,,,,,,,,,,,,r96,,r96,r96,r96,r96,r96,r96,r96,r96,r96,,,,,
124,r98,,,r98,,,r98,,,,,,,,,,,,,,,,,,,,,,,,,,,,,,,,,,,,,,,,,,,,,,r98,,r98,r98,r98,r98,r98,r98,r98,r98,r98,,,,,
125,r17,,r17,r17,,,r17,,,,,,,,,,,,,,,,,,,,,,,,,,,,,,,,,,,,,,,,,,,,,,r17,,r17,r17,r17,r17,r17,r17,r17,r17,r17,,,,,
126,r18,,r18,r18,,,r18,,,,,,,,,,,,,,,,,,,,,,,,,,,,,,,,,,,,,,,,,,,,,,r18,,r18,r18,r18,r18,r18,r18,r18,r18,r18,,,,,
127,,,,,,,s137,,,,,,,,,,,,,,,,,,,,,,,,,,,,,,,,,,,,,,,,,,,,,,,,,,,,,,,,,,,,,
128,r22,,r22,r22,,,r22,,,,,,,,,,,,,,,,,,,,,,,,,,,,,,,,,,,,,,,,,,,,,,r22,,r22,r22,r22,r22,r22,r22,r22,r22,r22,,,,,
129,,,s138,,,,r70,,,,,,,,,,,,,,,,,,,,,,,,,,,,,,,,,,,,,,,,,,,,,,,,,,,,,,,,,,,,,
130,,,s139,,,,r71,,,,,,,,,,,,,,,,,,,,,,,,,,,,,,,,,,,,,,,,,,,,,,,,,,,,,,,,,,,,,
131,,,,,,,,,,,,,,,,,,,,,,,,,,,,,,,,,,,,,,,,,,,,,,,,,,,,,,r77,,,,,,,,,,,,,,r77
132,s140,,,s77,,,,,,,,,,,,,,,,,,,,,,,,,,,,,,,,,,,,,,,,,,,,,,,,,,,s78,,,,,,,,,,,,,
133,s141,,,s77,,,,,,,,,,,,,,,,,,,,,,,,,,,,,,,,,,,,,,,,,,,,,,,,,,,s78,,,,,,,,,,,,,
134,,s142,,,,,,,,,,,,,,,,,,,,,,,,,,,,,,,,,,,,,,,,,,,,,,,,,,,,,,,,,,,,,,,,,,
135,,,,,,,,,,,,,,,,,,,,,,,,,,,,,,,,,,,,,,,,,,,,,,,,,,,,r7,,,,,,,,,,,,,,,,
136,,r74,,,,r74,,r74,r74,r74,r74,r74,r74,r74,r74,r74,r74,r74,r74,r74,r74,r74,r74,r74,r74,r74,r74,r74,r74,r74,r74,r74,r74,r74,r74,r74,r74,r74,r74,r74,r74,r74,r74,r74,r74,r74,r74,r74,r74,r74,r74,,,r74,,,,,,,,,,r74,r74,r74,r74,r74
137,r21,,r21,r21,,,r21,,,,,,,,,,,,,,,,,,,,,,,,,,,,,,,,,,,,,,,,,,,,,,r21,,r21,r21,r21,r21,r21,r21,r21,r21,r21,,,,,
138,,s52,,,,,,s59,s60,s61,s62,s63,s64,s65,s66,s67,s68,s69,s70,s71,,,,,,,,,,,,,,,,,,,,,,,,,,,,,,,,,,,,,,,,,,,,s54,s55,s56,s57,
139,,s52,,,,,,s59,s60,s61,s62,s63,s64,s65,s66,s67,s68,s69,s70,s71,,,,,,,,,,,,,,,,,,,,,,,,,,,,,,,,,,,,,,,,,,,,s54,s55,s56,s57,
140,,r10,,,,r10,,r10,r10,r10,r10,r10,r10,r10,r10,r10,r10,r10,r10,r10,r10,r10,r10,r10,r10,r10,r10,r10,r10,r10,r10,r10,r10,r10,r10,r10,r10,r10,r10,r10,r10,r10,r10,r10,r10,r10,r10,r10,r10,r10,r10,,,r10,,,,,,,,,,r10,r10,r10,r10,r10
141,,r11,,,,r11,,r11,r11,r11,r11,r11,r11,r11,r11,r11,r11,r11,r11,r11,r11,r11,r11,r11,r11,r11,r11,r11,r11,r11,r11,r11,r11,r11,r11,r11,r11,r11,r11,r11,r11,r11,r11,r11,r11,r11,r11,r11,r11,r11,r11,,,r11,,,,,,,,,,r11,r11,r11,r11,r11
142,,,,,,,s145,,,,,,,,,,,,,,,,,,,,,,,,,,,,,,,,,,,,,,,,,,,,,,,,,,,,,,,,,,,,,
143,,,,,,,r73,,,,,,,,,,,,,,,,,,,,,,,,,,,,,,,,,,,,,,,,,,,,,,,,,,,,,,,,,,,,,
144,,,,,,,r72,,,,,,,,,,,,,,,,,,,,,,,,,,,,,,,,,,,,,,,,,,,,,,,,,,,,,,,,,,,,,
145,,,,,,,,,,,,,,,,,,,,,,,,,,,,,,,,,,,,,,,,,,,,,,,,,,,,,r69,,,,,,,,,,,,,,,