C,P,VarInst,Params,ParamDeclListCont,VarDecl,Consts,Var,FuncAccess,FuncCall,FuncName,Type,VariableTypes,ListTypes,Command,ForBody,ListIds,Body,BodyPart,Exp,ExpOr,ExpAnd,ExpRel,ExpAdd,ExpMult,ExpNeg,ExpEnd,NumConst,LogConst,StringConst
,1,,,,2,47,48,53,,58,5,12,13,4,,,,,3,6,14,41,42,43,44,45,49,50,51
,,,,,,,,,,,,,,,,,,,,,,,,,,,,,
,,,,,73,47,48,53,,58,5,12,13,75,,,,72,74,6,14,41,42,43,44,45,49,50,51
,,,,,,,,,,,,,,,,,,,,,,,,,,,,,
,,,,,73,47,48,53,,58,5,12,13,75,,,,79,74,6,14,41,42,43,44,45,49,50,51
,,,,,,,,,,,,,,,,,,,,,,,,,,,,,
,,,,,,,,,,,,,,,,,,,,,,,,,,,,,
,,,,,,47,48,53,,58,,,,,,,,,82,6,14,41,42,43,44,45,49,50,51
,,,,,,47,48,53,,58,,,,,,,,,83,6,14,41,42,43,44,45,49,50,51
,,,,,,,,,,,,,,,84,,,,,,,,,,,,,,
,,,,,,47,48,53,,58,,,,,,,,,86,6,14,41,42,43,44,45,49,50,51
,,,,,,,,,,,,,,,,,87,,,,,,,,,,,,
,,,,,,,,,,,,,,,,,,,,,,,,,,,,,
,,,,,,,,,,,,,,,,,,,,,,,,,,,,,
,,,,,,,,,,,,,,,,,,,,,,,,,,,,,
,,,,,,,,,,,,,,,,,,,,,,,,,,,,,
,,,,,,,,,,,,,,,,,,,,,,,,,,,,,
,,,,,,,,,,,,,,,,,,,,,,,,,,,,,
,,,,,,,,,,,,,,,,,,,,,,,,,,,,,
,,,,,,,,,,,,,,,,,,,,,,,,,,,,,
,,,,,,,,,,,,,,,,,,,,,,,,,,,,,
,,,,,,,,,,,,,,,,,,,,,,,,,,,,,
,,,,,,,,,,,,,,,,,,,,,,,,,,,,,
,,,,,,,,,,,,,,,,,,,,,,,,,,,,,
,,,,,,,,,,,,,,,,,,,,,,,,,,,,,
,,,,,,,,,,,,,,,,,,,,,,,,,,,,,
,,,,,,,,,,,,,,,,,,,,,,,,,,,,,
,,,,,,,,,,,,,,,,,,,,,,,,,,,,,
,,,,,,,,,,,,,,,,,,,,,,,,,,,,,
,,,,,,,,,,,,,,,,,,,,,,,,,,,,,
,,,,,,,,,,,,,,,,,,,,,,,,,,,,,
,,,,,,,,,,,,,,,,,,,,,,,,,,,,,
,,,,,,,,,,,,,,,,,,,,,,,,,,,,,
,,,,,,,,,,,,,,,,,,,,,,,,,,,,,
,,,,,,,,,,,,,,,,,,,,,,,,,,,,,
,,,,,,,,,,,,,,,,,,,,,,,,,,,,,
,,,,,,,,,,,,,,,,,,,,,,,,,,,,,
,,,,,,,,,,,,,,,,,,,,,,,,,,,,,
,,,,,,,,,,,,,,,,,,,,,,,,,,,,,
,,,,,,,,,,,,,,,,,,,,,,,,,,,,,
,,,,,,,,,,,,,,,,,,,,,,,,,,,,,
,,,,,,,,,,,,,,,,,,,,,,,,,,,,,
,,,,,,,,,,,,,,,,,,,,,,,,,,,,,
,,,,,,,,,,,,,,,,,,,,,,,,,,,,,
,,,,,,,,,,,,,,,,,,,,,,,,,,,,,
,,,,,,,,,,,,,,,,,,,,,,,,,,,,,
,,,,,,47,48,53,,58,,,,,,,,,96,6,14,41,42,43,44,45,49,50,51
,,,,,,,,,,,,,,,,,,,,,,,,,,,,,
,,,,,,,,,,,,,,,,,,,,,,,,,,,,,
,,,,,,,,,,,,,,,,,,,,,,,,,,,,,
,,,,,,,,,,,,,,,,,,,,,,,,,,,,,
,,,,,,,,,,,,,,,,,,,,,,,,,,,,,
,,,,,,,,,,,,,,,,,,,,,,,,,,,,,
,,,,,,,,,,,,,,,,,,,,,,,,,,,,,
,,,,,,,,,,,,,,,,,,,,,,,,,,,,,
,,,,,,,,,,,,,,,,,,,,,,,,,,,,,
,,,,,,,,,,,,,,,,,,,,,,,,,,,,,
,,,,,,,,,,,,,,,,,,,,,,,,,,,,,
,,,,,,,,,98,,,,,,,,,,,,,,,,,,,,
,,,,,,,,,,,,,,,,,,,,,,,,,,,,,
,,,,,,,,,,,,,,,,,,,,,,,,,,,,,
,,,,,,,,,,,,,,,,,,,,,,,,,,,,,
,,,,,,,,,,,,,,,,,,,,,,,,,,,,,
,,,,,,,,,,,,,,,,,,,,,,,,,,,,,
,,,,,,,,,,,,,,,,,,,,,,,,,,,,,
,,,,,,,,,,,,,,,,,,,,,,,,,,,,,
,,,,,,,,,,,,,,,,,,,,,,,,,,,,,
,,,,,,,,,,,,,,,,,,,,,,,,,,,,,
,,,,,,,,,,,,,,,,,,,,,,,,,,,,,
,,,,,,,,,,,,,,,,,,,,,,,,,,,,,
,,,,,,,,,,,,,,,,,,,,,,,,,,,,,
,,,,,,,,,,,,,,,,,,,,,,,,,,,,,
,,,,,,,,,,,,,,,,,,,,,,,,,,,,,
,,,,,73,47,48,53,,58,5,12,13,75,,,,100,74,6,14,41,42,43,44,45,49,50,51
,,,,,,,,,,,,,,,,,,,,,,,,,,,,,
,,,,,73,47,48,53,,58,5,12,13,75,,,,102,74,6,14,41,42,43,44,45,49,50,51
,,,,,73,47,48,53,,58,5,12,13,75,,,,103,74,6,14,41,42,43,44,45,49,50,51
,,,,,,47,48,53,,58,,,,,,,,,,104,14,41,42,43,44,45,49,50,51
,,,,,,47,48,53,,58,,,,,,,,,,105,14,41,42,43,44,45,49,50,51
,,,,,,,,,,,,,,,,,,,,,,,,,,,,,
,,,,,,,,,,,,,,,,,,,,,,,,,,,,,
,,,,,,47,48,53,,58,,,,,,,,,,,109,41,42,43,44,45,49,50,51
,,,,,,,,,,,,,,,,,,,,,,,,,,,,,
,,,,,,,,,,,,,,,,,111,,,,,,,,,,,,
,,,,,,,,,,,,,,,,,112,,,,,,,,,,,,
,,113,,,,,,,,,114,12,13,,,,,,,,,,,,,,,,
,,,,,,,,,,,,,,,,,115,,,,,,,,,,,,
,,,,,,,,,,,,,,,,,,,,,,,,,,,,,
,,,,,73,47,48,53,,58,5,12,13,75,,,,116,74,6,14,41,42,43,44,45,49,50,51
,,,,,,47,48,53,,58,,,,,,,,,,,,117,42,43,44,45,49,50,51
,,,,,,47,48,53,,58,,,,,,,,,,,,,118,43,44,45,49,50,51
,,,,,,47,48,53,,58,,,,,,,,,,,,,119,43,44,45,49,50,51
,,,,,,47,48,53,,58,,,,,,,,,,,,,120,43,44,45,49,50,51
,,,,,,47,48,53,,58,,,,,,,,,,,,,,121,44,45,49,50,51
,,,,,,47,48,53,,58,,,,,,,,,,,,,,,122,45,49,50,51
,,,,,,47,48,53,,58,,,,,,,,,,,,,,,,123,49,50,51
,,,,,,,,,,,,,,,,,,,,,,,,,,,,,
,,,,,,,,126,,58,,,,,,,,,,,,,,,,,,,
,,,,,,,,,,,,,,,,,,,,,,,,,,,,,
,,,,,,130,129,53,,58,,,,,,127,,,,,,,,,,,49,50,51
,,,,,,,,,,,,,,,,,,,,,,,,,,,,,
,,,,,73,47,48,53,,58,5,12,13,75,,,,131,74,6,14,41,42,43,44,45,49,50,51
,,,,,,,,,,,,,,,,,,,,,,,,,,,,,
,,,,,,,,,,,,,,,,,,,,,,,,,,,,,
,,,,,,,,,,,,,,,,,,,,,,,,,,,,,
,,,,,,,,,,,,,,,,,,,,,,,,,,,,,
,,,,,,47,48,53,,58,,,,,,,,,132,6,14,41,42,43,44,45,49,50,51
,,,,,,47,48,53,,58,,,,,,,,,133,6,14,41,42,43,44,45,49,50,51
,,,,,,,,,,,,,,,,,,,,,,,,,,,,,
,,,,,,,,,,,,,,,,,,,,,,,,,,,,,
,,,,,,,,,,,,,,,,,,,,,,,,,,,,,
,,,,,,,,,,,,,,,,,,,,,,,,,,,,,
,,,,,,,,,,,,,,,,,,,,,,,,,,,,,
,,,,,,,,,,,,,,,,,,,,,,,,,,,,,
,,,,,,,,,,,,,,,,,,,,,,,,,,,,,
,,,,,,,,,,,,,,,,,,,,,,,,,,,,,
,,,,,,,,,,,,,,,,,,,,,,,,,,,,,
,,,,,,,,,,,,,,,,,,,,,,,,,,,,,
,,,,,,,,,,,,,,,,,,,,,,,,,,,,,
,,,,,,,,,,,,,,,,,,,,,,,,,,,,,
,,,,,,,,,,,,,,,,,,,,,,,,,,,,,
,,,,,,,,,,,,,,,,,,,,,,,,,,,,,
,,,,,,,,,,,,,,,,,,,,,,,,,,,,,
,,,,,,,,,,,,,,,,,,,,,,,,,,,,,
,,,,,,,,,,,,,,,,,,,,,,,,,,,,,
,,,,,,,,,,,,,,,,,,,,,,,,,,,,,
,,,,,,,,,,,,,,,,,,,,,,,,,,,,,
,,,,,,,,,,,,,,,,,,,,,,,,,,,,,
,,,,,,,,,,,,,,,,,,,,,,,,,,,,,
,,,,,,,,,,,,,,,,,,,,,,,,,,,,,
,,,,,,,,,,,,,,,,,,,,,,,,,,,,,
,,,,,,,,,,,,,,,,,,,,,,,,,,,,,
,,,,,,,,,,,,,,,,,,,,,,,,,,,,,
,,,,,,,,,,,,,,,,,,,,,,,,,,,,,
,,,,,,,,,,,,,,,,,,,,,,,,,,,,,
,,,,,,,,,,,,,,,,,,,,,,,,,,,,,
,,,,,,,,,,,,,,,,,,,,,,,,,,,,,
,,,,,,,,,,,,,,,,,,,,,,,,,,,,,
,,,,,,130,129,53,,58,,,,,,143,,,,,,,,,,,49,50,51
,,,,,,130,129,53,,58,,,,,,144,,,,,,,,,,,49,50,51